configuration,scope,batch,length,previous_process_p50_ms,previous_median_p50_ms,previous_min_p50_ms,previous_max_p50_ms,quiet_process_p50_ms,quiet_median_p50_ms,quiet_min_p50_ms,quiet_max_p50_ms,quiet_latency_change_percent
hf-cpu-fp32,shapes,1,32,"[5.537520499999999, 5.568208, 5.640416999999999]",5.568208,5.537520499999999,5.640416999999999,"[4.898353999999999, 5.1604790000000005, 4.9042295]",4.9042295,4.898353999999999,5.1604790000000005,-11.924455767456976
hf-cpu-fp32,shapes,1,128,"[10.106541499999999, 10.020875499999999, 10.280625]",10.106541499999999,10.020875499999999,10.280625,"[8.854895500000001, 8.963520500000001, 8.916708]",8.916708,8.854895500000001,8.963520500000001,-11.77290470731258
hf-cpu-fp32,shapes,1,512,"[25.905375, 26.0615625, 26.4931245]",26.0615625,25.905375,26.4931245,"[24.1679165, 24.147271, 23.9708125]",24.147271,23.9708125,24.1679165,-7.345267575572267
hf-cpu-fp32,shapes,8,32,"[12.1490005, 12.353312500000001, 12.4010625]",12.353312500000001,12.1490005,12.4010625,"[10.955270500000001, 10.9557915, 10.9169795]",10.955270500000001,10.9169795,10.9557915,-11.317142669223335
hf-cpu-fp32,shapes,8,128,"[31.038396, 31.017104, 31.4147085]",31.038396,31.017104,31.4147085,"[28.518583, 28.484958499999998, 28.312313]",28.484958499999998,28.312313,28.518583,-8.226705722808614
hf-cpu-fp32,shapes,8,512,"[148.99975, 148.4825625, 153.566125]",148.99975,148.4825625,153.566125,"[139.2430415, 138.8704795, 138.151562]",138.8704795,138.151562,139.2430415,-6.798179527146875
hf-cpu-fp32,shapes,32,32,"[27.123396, 27.414771000000002, 27.8883545]",27.414771000000002,27.123396,27.8883545,"[24.3464375, 24.052958500000003, 23.812021]",24.052958500000003,23.812021,24.3464375,-12.262777974691087
hf-cpu-fp32,shapes,32,128,"[102.986354, 103.21041650000001, 106.6674165]",103.21041650000001,102.986354,106.6674165,"[94.94397950000001, 93.136208, 95.14666650000001]",94.94397950000001,93.136208,95.14666650000001,-8.009304952276786
hf-cpu-fp32,shapes,32,512,"[577.4776664999999, 585.508688, 585.238042]",585.238042,577.4776664999999,585.508688,"[545.834812, 545.2603959999999, 544.9348540000001]",545.2603959999999,544.9348540000001,545.834812,-6.831006040444665
hf-cpu-fp32,end_to_end,1,,"[6.0565, 6.0038540000000005, 6.159229]",6.0565,6.0038540000000005,6.159229,"[5.3801875, 5.3511665, 5.275]",5.3511665,5.275,5.3801875,-11.645892842400729
hf-cpu-fp32,end_to_end,8,,"[18.083313, 18.097625, 18.6312915]",18.097625,18.083313,18.6312915,"[16.19975, 16.1950205, 16.1928955]",16.1950205,16.1928955,16.19975,-10.513006540913528
hf-cpu-fp32,end_to_end,32,,"[54.170979, 53.215792, 55.105563000000004]",54.170979,53.215792,55.105563000000004,"[48.7955415, 47.7226045, 47.603770499999996]",47.7226045,47.603770499999996,48.7955415,-11.903743700109237
axon-cpu-fp32,shapes,1,32,"[5.00075, 5.1427914999999995, 5.020437]",5.020437,5.00075,5.1427914999999995,"[4.5763335000000005, 4.5565204999999995, 4.5030415]",4.5565204999999995,4.5030415,4.5763335000000005,-9.240560134506238
axon-cpu-fp32,shapes,1,128,"[9.2554585, 9.309125, 9.126854]",9.2554585,9.126854,9.309125,"[8.337104, 8.344583, 8.336458499999999]",8.337104,8.336458499999999,8.344583,-9.922301526175058
axon-cpu-fp32,shapes,1,512,"[25.703979, 25.894292, 25.877875]",25.877875,25.703979,25.894292,"[24.447270500000002, 24.3650415, 24.4265005]",24.4265005,24.3650415,24.447270500000002,-5.608553638967651
axon-cpu-fp32,shapes,8,32,"[10.8058535, 10.9055415, 10.9665205]",10.9055415,10.8058535,10.9665205,"[9.921104, 9.898729, 9.847895999999999]",9.898729,9.847895999999999,9.921104,-9.232118368445995
axon-cpu-fp32,shapes,8,128,"[31.1692295, 31.791521, 31.897792]",31.791521,31.1692295,31.897792,"[29.339333, 29.285958, 29.190979]",29.285958,29.190979,29.339333,-7.881230344405344
axon-cpu-fp32,shapes,8,512,"[160.3909375, 159.7012085, 162.426729]",160.3909375,159.7012085,162.426729,"[151.046354, 150.3373335, 150.1089585]",150.3373335,150.1089585,151.046354,-6.268187066367137
axon-cpu-fp32,shapes,32,32,"[26.575125, 26.134146, 27.5407085]",26.575125,26.134146,27.5407085,"[23.872479, 23.712833000000003, 23.737771000000002]",23.737771000000002,23.712833000000003,23.872479,-10.676728707767126
axon-cpu-fp32,shapes,32,128,"[116.233834, 109.616667, 111.75927100000001]",111.75927100000001,109.616667,116.233834,"[101.68085400000001, 100.45568750000001, 99.9888335]",100.45568750000001,99.9888335,101.68085400000001,-10.114224438704511
axon-cpu-fp32,shapes,32,512,"[607.463542, 608.551417, 616.5724789999999]",608.551417,607.463542,616.5724789999999,"[576.9425209999999, 574.96875, 576.7998755000001]",576.7998755000001,574.96875,576.9425209999999,-5.21756101670533
axon-cpu-fp32,end_to_end,1,,"[5.582936999999999, 5.449771, 5.592771]",5.582936999999999,5.449771,5.592771,"[4.8396245, 4.758437499999999, 4.823041999999999]",4.823041999999999,4.758437499999999,4.8396245,-13.611025881180472
axon-cpu-fp32,end_to_end,8,,"[16.156520999999998, 16.1169585, 16.331125]",16.156520999999998,16.1169585,16.331125,"[14.197291499999999, 14.254228999999999, 14.2642915]",14.254228999999999,14.197291499999999,14.2642915,-11.774143703338114
axon-cpu-fp32,end_to_end,32,,"[53.882354500000005, 53.854354, 54.169688]",53.882354500000005,53.854354,54.169688,"[48.0860415, 48.112978999999996, 47.573375]",48.0860415,47.573375,48.112978999999996,-10.757349142936956
hf-mps-fp32,shapes,1,32,"[5.385291499999999, 5.373791499999999, 5.23425]",5.373791499999999,5.23425,5.385291499999999,"[4.3454165, 4.411646, 4.372167]",4.372167,4.3454165,4.411646,-18.63906517400237
hf-mps-fp32,shapes,1,128,"[5.774229, 5.8144165, 5.644875000000001]",5.774229,5.644875000000001,5.8144165,"[4.8289165, 4.888521, 4.9554795]",4.888521,4.8289165,4.9554795,-15.338982918758504
hf-mps-fp32,shapes,1,512,"[11.3173745, 10.9278745, 9.1550625]",10.9278745,9.1550625,11.3173745,"[7.9956879999999995, 8.0765, 8.074333]",8.074333,7.9956879999999995,8.0765,-26.11250248161251
hf-mps-fp32,shapes,8,32,"[9.4329375, 9.130792, 6.322062]",9.130792,6.322062,9.4329375,"[5.595417, 5.5705835, 5.6234375]",5.595417,5.5705835,5.6234375,-38.71925896461117
hf-mps-fp32,shapes,8,128,"[12.251479, 12.463270999999999, 12.451229000000001]",12.451229000000001,12.251479,12.463270999999999,"[10.5034585, 10.6456875, 10.6086875]",10.6086875,10.5034585,10.6456875,-14.798069331147957
hf-mps-fp32,shapes,8,512,"[38.218979000000004, 38.323749500000005, 44.4354795]",38.323749500000005,38.218979000000004,44.4354795,"[35.890438, 35.77975, 35.743729]",35.77975,35.743729,35.890438,-6.63818006638418
hf-mps-fp32,shapes,32,32,"[12.150646, 12.032437999999999, 12.545104]",12.150646,12.032437999999999,12.545104,"[10.2576035, 10.2598335, 10.2759375]",10.2598335,10.2576035,10.2759375,-15.56141541774817
hf-mps-fp32,shapes,32,128,"[33.1705005, 33.2343125, 39.630084]",33.2343125,33.1705005,39.630084,"[31.0616045, 30.772270499999998, 30.789229]",30.789229,30.772270499999998,31.0616045,-7.357105702126388
hf-mps-fp32,shapes,32,512,"[134.3282295, 134.731625, 142.80281300000001]",134.731625,134.3282295,142.80281300000001,"[133.66591599999998, 129.524813, 129.3916875]",129.524813,129.3916875,133.66591599999998,-3.86458042052118
hf-mps-fp32,end_to_end,1,,"[5.9476665, 5.8553125, 8.6233745]",5.9476665,5.8553125,8.6233745,"[4.8450835, 4.762874999999999, 4.9051465]",4.8450835,4.762874999999999,4.9051465,-18.538077076110437
hf-mps-fp32,end_to_end,8,,"[11.626625, 10.4854375, 10.635958500000001]",10.635958500000001,10.4854375,11.626625,"[9.7173955, 9.6725835, 9.654208]",9.6725835,9.654208,9.7173955,-9.057716800982263
hf-mps-fp32,end_to_end,32,,"[24.4601045, 24.041125, 25.93225]",24.4601045,24.041125,25.93225,"[22.739562499999998, 22.544896, 22.7878125]",22.739562499999998,22.544896,22.7878125,-7.034074609125252
hf-mps-fp16,shapes,1,32,"[4.926604, 5.130979, 5.2549165]",5.130979,4.926604,5.2549165,"[4.456792, 4.1730625, 4.179271]",4.179271,4.1730625,4.456792,-18.548273146313797
hf-mps-fp16,shapes,1,128,"[5.5085619999999995, 5.655374999999999, 5.7135625]",5.655374999999999,5.5085619999999995,5.7135625,"[4.729292, 4.725229, 4.739520499999999]",4.729292,4.725229,4.739520499999999,-16.375271312689243
hf-mps-fp16,shapes,1,512,"[11.4279165, 11.0070835, 8.8243955]",11.0070835,8.8243955,11.4279165,"[7.7592715000000005, 7.6293120000000005, 7.6925004999999995]",7.6925004999999995,7.6293120000000005,7.7592715000000005,-30.113181207356156
hf-mps-fp16,shapes,8,32,"[6.882521, 6.2511875, 6.6809585]",6.6809585,6.2511875,6.882521,"[5.294271, 5.419541499999999, 5.3886875]",5.3886875,5.294271,5.419541499999999,-19.342598820214196
hf-mps-fp16,shapes,8,128,"[11.963521, 12.112583, 11.464749999999999]",11.963521,11.464749999999999,12.112583,"[9.941271, 10.098083500000001, 10.040291]",10.040291,9.941271,10.098083500000001,-16.07578571559326
hf-mps-fp16,shapes,8,512,"[35.531333000000004, 35.3481665, 35.815583000000004]",35.531333000000004,35.3481665,35.815583000000004,"[32.959312999999995, 32.921604, 32.9491455]",32.9491455,32.921604,32.959312999999995,-7.26735329631456
hf-mps-fp16,shapes,32,32,"[12.146791499999999, 11.8679375, 11.955521000000001]",11.955521000000001,11.8679375,12.146791499999999,"[9.8169795, 9.808146, 9.8414795]",9.8169795,9.808146,9.8414795,-17.88748060414933
hf-mps-fp16,shapes,32,128,"[30.7903955, 31.129979499999997, 31.1060625]",31.1060625,30.7903955,31.129979499999997,"[28.7588745, 28.4847495, 28.484666]",28.4847495,28.484666,28.7588745,-8.427016437712108
hf-mps-fp16,shapes,32,512,"[123.569, 132.96220799999998, 125.890083]",125.890083,123.569,132.96220799999998,"[123.98331250000001, 119.0192915, 119.034229]",119.034229,119.0192915,123.98331250000001,-5.4459047421551166
hf-mps-fp16,end_to_end,1,,"[5.733750000000001, 5.681667, 5.737146]",5.733750000000001,5.681667,5.737146,"[4.874791, 4.6086875, 4.6319165]",4.6319165,4.6086875,4.874791,-19.216629605406588
hf-mps-fp16,end_to_end,8,,"[10.0050205, 10.237207999999999, 9.920521]",10.0050205,9.920521,10.237207999999999,"[8.996832999999999, 9.241063, 9.2442505]",9.241063,8.996832999999999,9.2442505,-7.635741475991975
hf-mps-fp16,end_to_end,32,,"[22.775146, 22.761021, 22.11925]",22.761021,22.11925,22.775146,"[20.942291500000003, 21.1840205, 21.0005205]",21.0005205,20.942291500000003,21.1840205,-7.734716733489233
axon-mps-fp32,shapes,1,32,"[4.250916500000001, 4.226292, 4.2392710000000005]",4.2392710000000005,4.226292,4.250916500000001,"[3.6326039999999997, 3.6002289999999997, 3.603396]",3.603396,3.6002289999999997,3.6326039999999997,-14.99963083275404
axon-mps-fp32,shapes,1,128,"[4.9272915, 4.8536665, 4.9795005]",4.9272915,4.8536665,4.9795005,"[4.2581035, 4.2615625, 4.2235625]",4.2581035,4.2235625,4.2615625,-13.581254528984132
axon-mps-fp32,shapes,1,512,"[10.481812, 10.5175625, 9.052603999999999]",10.481812,9.052603999999999,10.5175625,"[7.872771, 7.832, 7.8201665]",7.832,7.8201665,7.872771,-25.28009470118334
axon-mps-fp32,shapes,8,32,"[9.7025415, 8.8209795, 8.2385005]",8.8209795,8.2385005,9.7025415,"[5.0009585, 5.002000000000001, 4.9687085]",5.0009585,4.9687085,5.002000000000001,-43.30608635923029
axon-mps-fp32,shapes,8,128,"[11.587854, 11.585917, 12.017729]",11.587854,11.585917,12.017729,"[10.439708, 10.335458500000001, 10.335313]",10.335458500000001,10.335313,10.439708,-10.807829473861153
axon-mps-fp32,shapes,8,512,"[40.004270500000004, 40.032771, 40.1443125]",40.032771,40.004270500000004,40.1443125,"[37.8839165, 37.6747505, 37.6810205]",37.6810205,37.6747505,37.8839165,-5.874563367097407
axon-mps-fp32,shapes,32,32,"[11.051437499999999, 11.271125, 11.222563000000001]",11.222563000000001,11.051437499999999,11.271125,"[9.868063, 9.7174585, 9.758541999999998]",9.758541999999998,9.7174585,9.868063,-13.045335544117709
axon-mps-fp32,shapes,32,128,"[32.966354499999994, 33.2717085, 33.153583499999996]",33.153583499999996,32.966354499999994,33.2717085,"[31.117103999999998, 30.8224795, 30.977604]",30.977604,30.8224795,31.117103999999998,-6.56333123084567
axon-mps-fp32,shapes,32,512,"[143.452521, 143.8656665, 143.576521]",143.576521,143.452521,143.8656665,"[142.226146, 138.6645005, 138.987687]",138.987687,138.6645005,142.226146,-3.1960894218909353
axon-mps-fp32,end_to_end,1,,"[5.281479, 5.787667, 5.6464995]",5.6464995,5.281479,5.787667,"[4.810333, 4.4459585, 4.686083]",4.686083,4.4459585,4.810333,-17.00906021509433
axon-mps-fp32,end_to_end,8,,"[8.947479000000001, 8.790291499999999, 9.023938000000001]",8.947479000000001,8.790291499999999,9.023938000000001,"[7.954104, 7.931125, 8.066333]",7.954104,7.931125,8.066333,-11.102289259354514
axon-mps-fp32,end_to_end,32,,"[22.930729, 22.342188, 23.2979165]",22.930729,22.342188,23.2979165,"[20.990083499999997, 20.9640205, 20.87275]",20.9640205,20.87275,20.990083499999997,-8.576737791458788
axon-mps-fp16,shapes,1,32,"[3.996771, 4.145291500000001, 3.850792]",3.996771,3.850792,4.145291500000001,"[3.4317295, 3.425625, 3.4144585000000003]",3.425625,3.4144585000000003,3.4317295,-14.290185752448659
axon-mps-fp16,shapes,1,128,"[4.4881875, 4.622562500000001, 4.485062]",4.4881875,4.485062,4.622562500000001,"[4.070937499999999, 4.055396, 4.067228999999999]",4.067228999999999,4.055396,4.070937499999999,-9.379253874754589
axon-mps-fp16,shapes,1,512,"[10.558563, 10.2975835, 8.513875500000001]",10.2975835,8.513875500000001,10.558563,"[7.1253955, 7.191375, 7.179062500000001]",7.179062500000001,7.1253955,7.191375,-30.284007893696607
axon-mps-fp16,shapes,8,32,"[8.5702505, 8.03675, 9.3537915]",8.5702505,8.03675,9.3537915,"[4.6753125, 4.704667, 4.7251875000000005]",4.704667,4.6753125,4.7251875000000005,-45.10467342815709
axon-mps-fp16,shapes,8,128,"[11.116104499999999, 10.885833, 11.1067085]",11.1067085,10.885833,11.116104499999999,"[9.6281875, 9.6578955, 9.66425]",9.6578955,9.6281875,9.66425,-13.044485681784113
axon-mps-fp16,shapes,8,512,"[36.1374165, 36.436291499999996, 36.2316875]",36.2316875,36.1374165,36.436291499999996,"[34.110063, 34.134812499999995, 34.055499999999995]",34.110063,34.055499999999995,34.134812499999995,-5.855715387255989
axon-mps-fp16,shapes,32,32,"[10.8303335, 10.7198755, 9.654625]",10.7198755,9.654625,10.8303335,"[9.111896, 9.1148125, 9.105062]",9.111896,9.105062,9.1148125,-14.999982975548553
axon-mps-fp16,shapes,32,128,"[30.362312, 30.4501875, 28.951124999999998]",30.362312,28.951124999999998,30.4501875,"[28.311687499999998, 28.320187500000003, 28.305396000000002]",28.311687499999998,28.305396000000002,28.320187500000003,-6.753848323540057
axon-mps-fp16,shapes,32,512,"[129.574208, 129.838583, 126.337771]",129.574208,126.337771,129.838583,"[125.2744585, 125.35064650000001, 125.3589375]",125.35064650000001,125.2744585,125.3589375,-3.2595696050868317
axon-mps-fp16,end_to_end,1,,"[5.4624585, 5.697875, 4.8496875]",5.4624585,4.8496875,5.697875,"[4.140437, 4.131228500000001, 4.1750834999999995]",4.140437,4.131228500000001,4.1750834999999995,-24.20195045875405
axon-mps-fp16,end_to_end,8,,"[8.503479500000001, 8.480021, 8.156271]",8.480021,8.156271,8.503479500000001,"[7.4154789999999995, 7.455812999999999, 7.5123750000000005]",7.455812999999999,7.4154789999999995,7.5123750000000005,-12.07789461842136
axon-mps-fp16,end_to_end,32,,"[21.736687500000002, 22.7517085, 20.119792]",21.736687500000002,20.119792,22.7517085,"[19.093145999999997, 19.218791500000002, 19.3389375]",19.218791500000002,19.093145999999997,19.3389375,-11.583623309669422
mlx-metal-fp32,shapes,1,32,"[2.2756045, 2.1855, 2.1572915]",2.1855,2.1572915,2.2756045,"[2.0025630000000003, 2.0039795, 2.0054795]",2.0039795,2.0025630000000003,2.0054795,-8.305673758865261
mlx-metal-fp32,shapes,1,128,"[3.0126455, 3.1481459999999997, 3.5820205]",3.1481459999999997,3.0126455,3.5820205,"[2.7144165, 2.7114785, 2.713542]",2.713542,2.7114785,2.7144165,-13.805077655229459
mlx-metal-fp32,shapes,1,512,"[9.1109375, 9.0741875, 9.147791]",9.1109375,9.0741875,9.147791,"[8.5421665, 9.058896, 8.539937]",8.5421665,8.539937,9.058896,-6.242727490996403
mlx-metal-fp32,shapes,8,32,"[4.179083, 4.149479, 4.1747495]",4.1747495,4.149479,4.179083,"[3.855729, 4.2082495, 3.8453535]",3.855729,3.8453535,4.2082495,-7.64166808092317
mlx-metal-fp32,shapes,8,128,"[11.845062500000001, 11.789833999999999, 11.8686255]",11.845062500000001,11.789833999999999,11.8686255,"[11.2221455, 11.728458499999999, 11.213229]",11.2221455,11.213229,11.728458499999999,-5.258874742113018
mlx-metal-fp32,shapes,8,512,"[56.054770500000004, 56.2410625, 54.5246875]",56.054770500000004,54.5246875,56.2410625,"[54.2873955, 53.3884585, 54.210958500000004]",54.210958500000004,53.3884585,54.2873955,-3.2893043420809343
mlx-metal-fp32,shapes,32,32,"[11.276270499999999, 11.355895499999999, 11.4041245]",11.355895499999999,11.276270499999999,11.4041245,"[10.766417, 11.281250499999999, 10.8118125]",10.8118125,10.766417,11.281250499999999,-4.7911941422849385
mlx-metal-fp32,shapes,32,128,"[40.0502295, 38.5996255, 38.549771]",38.5996255,38.549771,40.0502295,"[38.294208, 38.0818335, 37.2909375]",38.0818335,37.2909375,38.294208,-1.3414430665914079
mlx-metal-fp32,shapes,32,512,"[223.5809795, 225.3107295, 223.1834585]",223.5809795,223.1834585,225.3107295,"[207.262625, 207.78997950000002, 215.4054585]",207.78997950000002,207.262625,215.4054585,-7.062765372668922
mlx-metal-fp32,end_to_end,1,,"[2.4547290000000004, 2.5174165, 2.53525]",2.5174165,2.4547290000000004,2.53525,"[2.3118955, 2.301979, 2.235833]",2.301979,2.235833,2.3118955,-8.55788066853458
mlx-metal-fp32,end_to_end,8,,"[8.095125, 8.223082999999999, 8.4699375]",8.223082999999999,8.095125,8.4699375,"[6.783604, 8.5279375, 6.8553125]",6.8553125,6.783604,8.5279375,-16.63330529437681
mlx-metal-fp32,end_to_end,32,,"[23.168271, 23.2589585, 23.1341665]",23.168271,23.1341665,23.2589585,"[21.987854, 21.9478545, 21.7793545]",21.9478545,21.7793545,21.987854,-5.26762009992029
mlx-metal-fp32-compiled,shapes,1,32,"[1.988417, 2.066417, 1.900458]",1.988417,1.900458,2.066417,"[1.8497499999999998, 1.8703965, 1.862625]",1.862625,1.8497499999999998,1.8703965,-6.326238409750074
mlx-metal-fp32-compiled,shapes,1,128,"[2.7648954999999997, 2.7382910000000003, 2.6727920000000003]",2.7382910000000003,2.6727920000000003,2.7648954999999997,"[2.5801879999999997, 2.5816879999999998, 2.574125]",2.5801879999999997,2.574125,2.5816879999999998,-5.77378372130648
mlx-metal-fp32-compiled,shapes,1,512,"[8.873750000000001, 8.8412295, 8.8628335]",8.8628335,8.8412295,8.873750000000001,"[8.4204585, 8.3924165, 8.5532705]",8.4204585,8.3924165,8.5532705,-4.991349549779988
mlx-metal-fp32-compiled,shapes,8,32,"[3.9132505, 3.8637914999999996, 3.9752704999999997]",3.9132505,3.8637914999999996,3.9752704999999997,"[3.6858755, 3.686104, 4.0014585]",3.686104,3.6858755,4.0014585,-5.804547907168233
mlx-metal-fp32-compiled,shapes,8,128,"[11.397667, 11.4647915, 11.490479]",11.4647915,11.397667,11.490479,"[11.099229000000001, 11.0404795, 11.766833]",11.099229000000001,11.0404795,11.766833,-3.1885664907207345
mlx-metal-fp32-compiled,shapes,8,512,"[55.7985625, 54.032375, 54.100145999999995]",54.100145999999995,54.032375,55.7985625,"[52.878354, 54.230979000000005, 52.930896000000004]",52.930896000000004,52.878354,54.230979000000005,-2.1612695832650686
mlx-metal-fp32-compiled,shapes,32,32,"[11.038271, 11.046354000000001, 11.079374999999999]",11.046354000000001,11.038271,11.079374999999999,"[11.0172285, 11.4682295, 11.04175]",11.04175,11.0172285,11.4682295,-0.04167891052559991
mlx-metal-fp32-compiled,shapes,32,128,"[38.133958500000006, 38.201291999999995, 38.3168335]",38.201291999999995,38.133958500000006,38.3168335,"[37.720292, 37.929291500000005, 37.9129585]",37.9129585,37.720292,37.929291500000005,-0.7547742102544386
mlx-metal-fp32-compiled,shapes,32,512,"[222.73333300000002, 223.2268125, 210.2314375]",222.73333300000002,210.2314375,223.2268125,"[206.984521, 205.4392915, 206.1803955]",206.1803955,205.4392915,206.984521,-7.431728909655389
mlx-metal-fp32-compiled,end_to_end,1,,"[2.547771, 2.778167, 2.791729]",2.778167,2.547771,2.791729,"[2.5941039999999997, 2.2598754999999997, 2.2963755]",2.2963755,2.2598754999999997,2.5941039999999997,-17.342064029988112
mlx-metal-fp32-compiled,end_to_end,8,,"[8.602062499999999, 8.569917, 7.725709]",8.569917,7.725709,8.602062499999999,"[7.076813, 6.8476040000000005, 6.874875]",6.874875,6.8476040000000005,7.076813,-19.778978022774318
mlx-metal-fp32-compiled,end_to_end,32,,"[23.1414165, 22.767875, 22.635666999999998]",22.767875,22.635666999999998,23.1414165,"[21.7094165, 21.841292000000003, 21.678042]",21.7094165,21.678042,21.841292000000003,-4.648912118500304
mlx-metal-fp16,shapes,1,32,"[2.0522704999999997, 2.011021, 2.222646]",2.0522704999999997,2.011021,2.222646,"[1.870771, 1.845646, 1.8704585]",1.8704585,1.845646,1.870771,-8.85906609289563
mlx-metal-fp16,shapes,1,128,"[3.8552085, 2.9295415, 3.5852294999999996]",3.5852294999999996,2.9295415,3.8552085,"[2.471917, 2.525354, 2.4607710000000003]",2.471917,2.4607710000000003,2.525354,-31.052754084501423
mlx-metal-fp16,shapes,1,512,"[7.036958, 6.884812, 6.989021]",6.989021,6.884812,7.036958,"[6.565916, 6.829146, 6.562938000000001]",6.565916,6.562938000000001,6.829146,-6.053852177579666
mlx-metal-fp16,shapes,8,32,"[3.739125, 3.656771, 3.7037915000000003]",3.7037915000000003,3.656771,3.739125,"[3.4188335, 3.7108749999999997, 3.4155625]",3.4188335,3.4155625,3.7108749999999997,-7.693683621229774
mlx-metal-fp16,shapes,8,128,"[9.621958, 9.6310415, 9.7017705]",9.6310415,9.621958,9.7017705,"[9.2157085, 9.77125, 9.209417]",9.2157085,9.209417,9.77125,-4.312441183022631
mlx-metal-fp16,shapes,8,512,"[42.444625, 42.493896, 42.445645999999996]",42.445645999999996,42.444625,42.493896,"[41.514396000000005, 41.6611875, 41.308]",41.514396000000005,41.308,41.6611875,-2.1939823933884606
mlx-metal-fp16,shapes,32,32,"[9.5555205, 9.619250000000001, 9.5546875]",9.5555205,9.5546875,9.619250000000001,"[9.133, 9.650915999999999, 9.121770999999999]",9.133,9.121770999999999,9.650915999999999,-4.421742384415383
mlx-metal-fp16,shapes,32,128,"[31.4414795, 31.466104, 31.577396]",31.466104,31.4414795,31.577396,"[30.6781455, 31.3245205, 30.541145999999998]",30.6781455,30.541145999999998,31.3245205,-2.504150180143061
mlx-metal-fp16,shapes,32,512,"[164.887375, 164.06593750000002, 165.527708]",164.887375,164.06593750000002,165.527708,"[160.2914165, 160.51631250000003, 160.8188335]",160.51631250000003,160.2914165,160.8188335,-2.6509382540658266
mlx-metal-fp16,end_to_end,1,,"[2.3951255, 2.289834, 2.471771]",2.3951255,2.289834,2.471771,"[2.1344374999999998, 2.1429375, 2.1476455]",2.1429375,2.1344374999999998,2.1476455,-10.529218615057957
mlx-metal-fp16,end_to_end,8,,"[7.5435625, 7.505625500000001, 7.851583]",7.5435625,7.505625500000001,7.851583,"[5.9495629999999995, 6.30775, 6.443521499999999]",6.30775,5.9495629999999995,6.443521499999999,-16.382345874379645
mlx-metal-fp16,end_to_end,32,,"[20.4496665, 20.989146, 20.648395999999998]",20.648395999999998,20.4496665,20.989146,"[19.487416500000002, 19.432625, 19.321854000000002]",19.432625,19.321854000000002,19.487416500000002,-5.887968247025077
mlx-metal-fp16-compiled,shapes,1,32,"[2.631021, 2.593479, 2.49275]",2.593479,2.49275,2.631021,"[2.4268335, 2.4336665, 2.4173335]",2.4268335,2.4173335,2.4336665,-6.425558101685036
mlx-metal-fp16-compiled,shapes,1,128,"[3.153937, 3.187646, 3.1283130000000003]",3.153937,3.1283130000000003,3.187646,"[3.011896, 3.0260625, 3.0100625]",3.011896,3.0100625,3.0260625,-4.503609298473621
mlx-metal-fp16-compiled,shapes,1,512,"[7.231729, 7.285500000000001, 7.113562999999999]",7.231729,7.113562999999999,7.285500000000001,"[6.991708, 7.245457999999999, 6.9965]",6.9965,6.991708,7.245457999999999,-3.252735272574503
mlx-metal-fp16-compiled,shapes,8,32,"[4.1942495, 4.113417, 3.9584789999999996]",4.113417,3.9584789999999996,4.1942495,"[3.8238545000000004, 4.0259795, 3.811646]",3.8238545000000004,3.811646,4.0259795,-7.039463784002442
mlx-metal-fp16-compiled,shapes,8,128,"[9.9517085, 10.0004165, 9.6082915]",9.9517085,9.6082915,10.0004165,"[9.5925205, 10.032042, 9.585999999999999]",9.5925205,9.585999999999999,10.032042,-3.609309898898283
mlx-metal-fp16-compiled,shapes,8,512,"[42.5945205, 42.152771, 41.649958]",42.152771,41.649958,42.5945205,"[41.484875, 41.6518545, 41.4687505]",41.484875,41.4687505,41.6518545,-1.5844652300556872
mlx-metal-fp16-compiled,shapes,32,32,"[9.855, 9.8682085, 9.519146]",9.855,9.519146,9.8682085,"[9.472583499999999, 9.8024165, 9.4676665]",9.472583499999999,9.4676665,9.8024165,-3.8804312531709906
mlx-metal-fp16-compiled,shapes,32,128,"[31.6307705, 31.6971665, 30.911479]",31.6307705,30.911479,31.6971665,"[30.832604, 31.3800205, 30.825499999999998]",30.832604,30.825499999999998,31.3800205,-2.523386207111211
mlx-metal-fp16-compiled,shapes,32,512,"[163.026625, 164.5867705, 161.896917]",163.026625,161.896917,164.5867705,"[159.76681250000001, 160.0869585, 159.784229]",159.784229,159.76681250000001,160.0869585,-1.9888751300592644
mlx-metal-fp16-compiled,end_to_end,1,,"[3.454958, 3.3826669999999996, 3.4375210000000003]",3.4375210000000003,3.3826669999999996,3.454958,"[2.869688, 2.9294585, 2.8718545]",2.8718545,2.869688,2.9294585,-16.45565219819749
mlx-metal-fp16-compiled,end_to_end,8,,"[7.718188, 7.439229, 7.0911045]",7.439229,7.0911045,7.718188,"[6.850958, 6.7240415, 6.5449585]",6.7240415,6.5449585,6.850958,-9.613731476743082
mlx-metal-fp16-compiled,end_to_end,32,,"[21.011104500000002, 20.818270499999997, 20.312791500000003]",20.818270499999997,20.312791500000003,21.011104500000002,"[19.918875, 20.0560625, 19.8709375]",19.918875,19.8709375,20.0560625,-4.320221989622031
